contact,latitude,longitude,branchName,locationName,phone
Bronny Presslee,34.756916,114.441285,Transport,Emmet,+86 682 436 9265
Chloris Woehler,40.1145846,44.2706023,Summer Ridge,Crest Line,+374 886 625 6461
Aryn Varndell,3.64333,97.46279,Scofield,Dunning,+62 847 428 4483
Niki Maben,39.2992172,-9.2824776,Mallory,Heffernan,+351 844 349 3995
Cybill Kief,14.5569016,121.0412323,Messerschmidt,Clarendon,+63 991 568 9413
Merola Goldwater,44.5590244,4.7447501,Tennyson,Hallows,+33 508 456 5841
Lannie Salerg,45.0486976,16.3746171,Hansons,Haas,+387 820 181 1342
Chrystal Umpleby,-17.9808139,-63.3697226,Glacier Hill,Meadow Vale,+591 782 387 9259
Federico Brumhead,12.6813957,101.2816261,Lakewood Gardens,Eagan,+66 194 472 4465
Dougie Himpson,54.7974136,24.571229,Calypso,Bay,+370 376 374 0237
Ernesta Glancy,-8.401854,114.118103,Monterey,Oxford,+62 136 142 7205
Consuelo Langdale,-21.2814327,55.5229203,Kennedy,Claremont,+262 753 235 3022
Ashien Holdren,52.0264758,21.8107747,Merry,Barby,+48 749 767 1388
Napoleon Andriveaux,28.901462,118.511235,Valley Edge,Larry,+86 609 402 7920
Manuel Ackers,40.7511134,19.7398213,Westend,Dennis,+355 697 735 9955
Fawnia Brugh,7.7100015,122.8673679,Arkansas,Prentice,+63 952 307 7578
Jerad Lippard,-17.2884329,-70.3643395,Pankratz,Buena Vista,+51 245 487 0311
Astra McFarlane,-7.0715432,111.9758606,Bunting,Victoria,+62 558 239 9283
Ada Fransoni,6.223561,-77.404109,Roth,Charing Cross,+57 653 540 2395
Haleigh Dawdry,28.504386,117.57372,Warrior,Beilfuss,+86 456 682 3160
Benni Lalonde,-6.57018,111.03254,Ohio,Pankratz,+62 723 864 1781
Keelby Jeppensen,41.2169163,-8.6759571,Swallow,Carberry,+351 475 997 6742
Blake Palmar,20.8965838,-105.4093552,Emmet,John Wall,+52 640 896 1520
Sigvard Leece,29.3830191,70.9139437,Boyd,Manufacturers,+92 919 558 2205
Larry Stiller,14.4349111,102.1632718,Bluestem,Farwell,+66 582 555 5416
Tabor Duthie,-2.615848,120.521698,Bonner,Derek,+62 772 117 0946
Nicolea Headington,34.5200967,40.9612121,Iowa,Randy,+963 856 135 4950
Derwin Isworth,12.3109644,123.6781612,Gina,Badeau,+63 333 514 4491
Lorilee Flemming,40.7532484,-8.6105703,Ronald Regan,Amoth,+351 442 326 3232
Matthew D'Alwis,40.9880227,24.6966476,Pawling,Morningstar,+30 315 348 3185
Barris Purchase,50.5763759,22.059689,Dwight,Hintze,+48 622 319 3922
Wylma Benini,51.5399865,38.3515833,Luster,Miller,+7 158 945 2878
Catha Loads,3.7796742,9.9772486,Shoshone,Sutteridge,+237 975 539 0536
Dennet Astlett,52.2802311,10.5390217,Sutherland,Kings,+49 256 311 4345
Ahmad Limeburner,43.258497,117.54141,Sheridan,Cambridge,+86 567 977 2757
Keri Doylend,-7.6295345,108.1665855,Knutson,Thackeray,+62 638 406 2767
Bar Stallybrass,-25.9248045,28.0172665,Reindahl,Lake View,+27 625 906 7781
Iver Malbon,48.7700185,2.3508225,Arapahoe,Mendota,+33 726 408 1421
Dag Hearnden,-6.8952768,111.6124134,Grover,Moulton,+62 361 820 5637
Tobias Canedo,39.9791423,117.0643296,Annamark,Independence,+86 416 530 5441
Lauritz Masser,-7.3808411,112.7554346,Tennessee,Colorado,+62 337 497 2196
Casandra Bellow,32.990027,101.56916,Shoshone,Thompson,+86 586 411 7506
Belvia Horsey,-21.597138,165.363472,Shasta,Barby,+687 336 681 3916
Willey Fitkin,-11.3781106,-40.6039185,Dryden,Clemons,+55 447 902 7434
Selina Standbrooke,43.0756739,25.6171514,Corry,Vidon,+359 731 210 2144
Robena Stredwick,21.5149423,-78.219132,Basil,Corscot,+53 651 884 2510
Pauli Enrico,51.462471,86.01456,Bluejay,Washington,+7 490 415 8383
Bartlett Jacobowits,43.3708997,131.9898172,Valley Edge,Eastlawn,+7 772 794 1166
Jo-ann Leat,-7.3312,107.9703,Prentice,Meadow Valley,+62 332 229 9456
Kristoforo MacLeod,11.7565106,-86.0504111,Lillian,Oak Valley,+505 233 843 6381
